Variable,Coefficient,Std Error,p-value,95% CI Lower,95% CI Upper
Intercept,3.9067,0.0667,0.0,3.776,4.0374
C(season)[T.2],-0.141,0.0329,0.0,-0.2054,-0.0766
C(season)[T.3],-0.404,0.0415,0.0,-0.4852,-0.3227
C(season)[T.4],0.3641,0.0292,0.0,0.3069,0.4214
C(weathersit)[T.2],0.2426,0.0221,0.0,0.1994,0.2859
C(weathersit)[T.3],0.0584,0.0368,0.1131,-0.0138,0.1306
C(weathersit)[T.4],1.2752,0.6895,0.0644,-0.0764,2.6267
workingday,-0.0716,0.0202,0.0004,-0.1111,-0.0321
holiday,-0.2285,0.056,0.0,-0.3384,-0.1187
temp_celsius,0.1395,0.0067,0.0,0.1264,0.1525
I(temp_celsius ** 2),-0.0013,0.0002,0.0,-0.0016,-0.001
humidity_pct,-0.0253,0.0006,0.0,-0.0264,-0.0241
windspeed_kmh,0.0055,0.0012,0.0,0.0032,0.0078
