tile_id,city,split,image_path,mask_path,is_test_city,is_validation,is_training
austin1,Austin,train,data/train/images/austin1.tif,data/train/gt/austin1.tif,False,False,True
austin2,Austin,train,data/train/images/austin2.tif,data/train/gt/austin2.tif,False,False,True
austin3,Austin,train,data/train/images/austin3.tif,data/train/gt/austin3.tif,False,False,True
austin4,Austin,train,data/train/images/austin4.tif,data/train/gt/austin4.tif,False,False,True
austin5,Austin,train,data/train/images/austin5.tif,data/train/gt/austin5.tif,False,False,True
austin6,Austin,train,data/train/images/austin6.tif,data/train/gt/austin6.tif,False,False,True
austin7,Austin,train,data/train/images/austin7.tif,data/train/gt/austin7.tif,False,False,True
austin8,Austin,train,data/train/images/austin8.tif,data/train/gt/austin8.tif,False,False,True
austin9,Austin,train,data/train/images/austin9.tif,data/train/gt/austin9.tif,False,False,True
austin10,Austin,train,data/train/images/austin10.tif,data/train/gt/austin10.tif,False,False,True
austin11,Austin,train,data/train/images/austin11.tif,data/train/gt/austin11.tif,False,False,True
austin12,Austin,train,data/train/images/austin12.tif,data/train/gt/austin12.tif,False,False,True
austin13,Austin,train,data/train/images/austin13.tif,data/train/gt/austin13.tif,False,False,True
austin14,Austin,train,data/train/images/austin14.tif,data/train/gt/austin14.tif,False,False,True
austin15,Austin,train,data/train/images/austin15.tif,data/train/gt/austin15.tif,False,False,True
austin16,Austin,train,data/train/images/austin16.tif,data/train/gt/austin16.tif,False,False,True
austin17,Austin,train,data/train/images/austin17.tif,data/train/gt/austin17.tif,False,False,True
austin18,Austin,train,data/train/images/austin18.tif,data/train/gt/austin18.tif,False,False,True
austin19,Austin,train,data/train/images/austin19.tif,data/train/gt/austin19.tif,False,False,True
austin20,Austin,train,data/train/images/austin20.tif,data/train/gt/austin20.tif,False,False,True
austin21,Austin,train,data/train/images/austin21.tif,data/train/gt/austin21.tif,False,False,True
austin22,Austin,train,data/train/images/austin22.tif,data/train/gt/austin22.tif,False,False,True
austin23,Austin,train,data/train/images/austin23.tif,data/train/gt/austin23.tif,False,False,True
austin24,Austin,train,data/train/images/austin24.tif,data/train/gt/austin24.tif,False,False,True
austin25,Austin,train,data/train/images/austin25.tif,data/train/gt/austin25.tif,False,False,True
austin26,Austin,train,data/train/images/austin26.tif,data/train/gt/austin26.tif,False,False,True
austin27,Austin,train,data/train/images/austin27.tif,data/train/gt/austin27.tif,False,False,True
austin28,Austin,train,data/train/images/austin28.tif,data/train/gt/austin28.tif,False,False,True
austin29,Austin,train,data/train/images/austin29.tif,data/train/gt/austin29.tif,False,False,True
austin30,Austin,train,data/train/images/austin30.tif,data/train/gt/austin30.tif,False,False,True
austin31,Austin,train,data/train/images/austin31.tif,data/train/gt/austin31.tif,False,False,True
austin32,Austin,train,data/train/images/austin32.tif,data/train/gt/austin32.tif,False,False,True
austin33,Austin,train,data/train/images/austin33.tif,data/train/gt/austin33.tif,False,False,True
austin34,Austin,train,data/train/images/austin34.tif,data/train/gt/austin34.tif,False,False,True
austin35,Austin,train,data/train/images/austin35.tif,data/train/gt/austin35.tif,False,False,True
austin36,Austin,train,data/train/images/austin36.tif,data/train/gt/austin36.tif,False,False,True
chicago1,Chicago,train,data/train/images/chicago1.tif,data/train/gt/chicago1.tif,False,False,True
chicago2,Chicago,train,data/train/images/chicago2.tif,data/train/gt/chicago2.tif,False,False,True
chicago3,Chicago,train,data/train/images/chicago3.tif,data/train/gt/chicago3.tif,False,False,True
chicago4,Chicago,train,data/train/images/chicago4.tif,data/train/gt/chicago4.tif,False,False,True
chicago5,Chicago,train,data/train/images/chicago5.tif,data/train/gt/chicago5.tif,False,False,True
chicago6,Chicago,train,data/train/images/chicago6.tif,data/train/gt/chicago6.tif,False,False,True
chicago7,Chicago,train,data/train/images/chicago7.tif,data/train/gt/chicago7.tif,False,False,True
chicago8,Chicago,train,data/train/images/chicago8.tif,data/train/gt/chicago8.tif,False,False,True
chicago9,Chicago,train,data/train/images/chicago9.tif,data/train/gt/chicago9.tif,False,False,True
chicago10,Chicago,train,data/train/images/chicago10.tif,data/train/gt/chicago10.tif,False,False,True
chicago11,Chicago,train,data/train/images/chicago11.tif,data/train/gt/chicago11.tif,False,False,True
chicago12,Chicago,train,data/train/images/chicago12.tif,data/train/gt/chicago12.tif,False,False,True
chicago13,Chicago,train,data/train/images/chicago13.tif,data/train/gt/chicago13.tif,False,False,True
chicago14,Chicago,train,data/train/images/chicago14.tif,data/train/gt/chicago14.tif,False,False,True
chicago15,Chicago,train,data/train/images/chicago15.tif,data/train/gt/chicago15.tif,False,False,True
chicago16,Chicago,train,data/train/images/chicago16.tif,data/train/gt/chicago16.tif,False,False,True
chicago17,Chicago,train,data/train/images/chicago17.tif,data/train/gt/chicago17.tif,False,False,True
chicago18,Chicago,train,data/train/images/chicago18.tif,data/train/gt/chicago18.tif,False,False,True
chicago19,Chicago,train,data/train/images/chicago19.tif,data/train/gt/chicago19.tif,False,False,True
chicago20,Chicago,train,data/train/images/chicago20.tif,data/train/gt/chicago20.tif,False,False,True
chicago21,Chicago,train,data/train/images/chicago21.tif,data/train/gt/chicago21.tif,False,False,True
chicago22,Chicago,train,data/train/images/chicago22.tif,data/train/gt/chicago22.tif,False,False,True
chicago23,Chicago,train,data/train/images/chicago23.tif,data/train/gt/chicago23.tif,False,False,True
chicago24,Chicago,train,data/train/images/chicago24.tif,data/train/gt/chicago24.tif,False,False,True
chicago25,Chicago,train,data/train/images/chicago25.tif,data/train/gt/chicago25.tif,False,False,True
chicago26,Chicago,train,data/train/images/chicago26.tif,data/train/gt/chicago26.tif,False,False,True
chicago27,Chicago,train,data/train/images/chicago27.tif,data/train/gt/chicago27.tif,False,False,True
chicago28,Chicago,train,data/train/images/chicago28.tif,data/train/gt/chicago28.tif,False,False,True
chicago29,Chicago,train,data/train/images/chicago29.tif,data/train/gt/chicago29.tif,False,False,True
chicago30,Chicago,train,data/train/images/chicago30.tif,data/train/gt/chicago30.tif,False,False,True
chicago31,Chicago,train,data/train/images/chicago31.tif,data/train/gt/chicago31.tif,False,False,True
chicago32,Chicago,train,data/train/images/chicago32.tif,data/train/gt/chicago32.tif,False,False,True
chicago33,Chicago,train,data/train/images/chicago33.tif,data/train/gt/chicago33.tif,False,False,True
chicago34,Chicago,train,data/train/images/chicago34.tif,data/train/gt/chicago34.tif,False,False,True
chicago35,Chicago,train,data/train/images/chicago35.tif,data/train/gt/chicago35.tif,False,False,True
chicago36,Chicago,train,data/train/images/chicago36.tif,data/train/gt/chicago36.tif,False,False,True
kitsap1,Kitsap,train,data/train/images/kitsap1.tif,data/train/gt/kitsap1.tif,False,False,True
kitsap2,Kitsap,train,data/train/images/kitsap2.tif,data/train/gt/kitsap2.tif,False,False,True
kitsap3,Kitsap,train,data/train/images/kitsap3.tif,data/train/gt/kitsap3.tif,False,False,True
kitsap4,Kitsap,train,data/train/images/kitsap4.tif,data/train/gt/kitsap4.tif,False,False,True
kitsap5,Kitsap,train,data/train/images/kitsap5.tif,data/train/gt/kitsap5.tif,False,False,True
kitsap6,Kitsap,train,data/train/images/kitsap6.tif,data/train/gt/kitsap6.tif,False,False,True
kitsap7,Kitsap,train,data/train/images/kitsap7.tif,data/train/gt/kitsap7.tif,False,False,True
kitsap8,Kitsap,train,data/train/images/kitsap8.tif,data/train/gt/kitsap8.tif,False,False,True
kitsap9,Kitsap,train,data/train/images/kitsap9.tif,data/train/gt/kitsap9.tif,False,False,True
kitsap10,Kitsap,train,data/train/images/kitsap10.tif,data/train/gt/kitsap10.tif,False,False,True
kitsap11,Kitsap,train,data/train/images/kitsap11.tif,data/train/gt/kitsap11.tif,False,False,True
kitsap12,Kitsap,train,data/train/images/kitsap12.tif,data/train/gt/kitsap12.tif,False,False,True
kitsap13,Kitsap,train,data/train/images/kitsap13.tif,data/train/gt/kitsap13.tif,False,False,True
kitsap14,Kitsap,train,data/train/images/kitsap14.tif,data/train/gt/kitsap14.tif,False,False,True
kitsap15,Kitsap,train,data/train/images/kitsap15.tif,data/train/gt/kitsap15.tif,False,False,True
kitsap16,Kitsap,train,data/train/images/kitsap16.tif,data/train/gt/kitsap16.tif,False,False,True
kitsap17,Kitsap,train,data/train/images/kitsap17.tif,data/train/gt/kitsap17.tif,False,False,True
kitsap18,Kitsap,train,data/train/images/kitsap18.tif,data/train/gt/kitsap18.tif,False,False,True
kitsap19,Kitsap,train,data/train/images/kitsap19.tif,data/train/gt/kitsap19.tif,False,False,True
kitsap20,Kitsap,train,data/train/images/kitsap20.tif,data/train/gt/kitsap20.tif,False,False,True
kitsap21,Kitsap,train,data/train/images/kitsap21.tif,data/train/gt/kitsap21.tif,False,False,True
kitsap22,Kitsap,train,data/train/images/kitsap22.tif,data/train/gt/kitsap22.tif,False,False,True
kitsap23,Kitsap,train,data/train/images/kitsap23.tif,data/train/gt/kitsap23.tif,False,False,True
kitsap24,Kitsap,train,data/train/images/kitsap24.tif,data/train/gt/kitsap24.tif,False,False,True
kitsap25,Kitsap,train,data/train/images/kitsap25.tif,data/train/gt/kitsap25.tif,False,False,True
kitsap26,Kitsap,train,data/train/images/kitsap26.tif,data/train/gt/kitsap26.tif,False,False,True
kitsap27,Kitsap,train,data/train/images/kitsap27.tif,data/train/gt/kitsap27.tif,False,False,True
kitsap28,Kitsap,train,data/train/images/kitsap28.tif,data/train/gt/kitsap28.tif,False,False,True
kitsap29,Kitsap,train,data/train/images/kitsap29.tif,data/train/gt/kitsap29.tif,False,False,True
kitsap30,Kitsap,train,data/train/images/kitsap30.tif,data/train/gt/kitsap30.tif,False,False,True
kitsap31,Kitsap,train,data/train/images/kitsap31.tif,data/train/gt/kitsap31.tif,False,False,True
kitsap32,Kitsap,train,data/train/images/kitsap32.tif,data/train/gt/kitsap32.tif,False,False,True
kitsap33,Kitsap,train,data/train/images/kitsap33.tif,data/train/gt/kitsap33.tif,False,False,True
kitsap34,Kitsap,train,data/train/images/kitsap34.tif,data/train/gt/kitsap34.tif,False,False,True
kitsap35,Kitsap,train,data/train/images/kitsap35.tif,data/train/gt/kitsap35.tif,False,False,True
kitsap36,Kitsap,train,data/train/images/kitsap36.tif,data/train/gt/kitsap36.tif,False,False,True
tyrol-w1,Tyrol-w,validation,data/train/images/tyrol-w1.tif,data/train/gt/tyrol-w1.tif,False,True,False
tyrol-w2,Tyrol-w,validation,data/train/images/tyrol-w2.tif,data/train/gt/tyrol-w2.tif,False,True,False
tyrol-w3,Tyrol-w,validation,data/train/images/tyrol-w3.tif,data/train/gt/tyrol-w3.tif,False,True,False
tyrol-w4,Tyrol-w,validation,data/train/images/tyrol-w4.tif,data/train/gt/tyrol-w4.tif,False,True,False
tyrol-w5,Tyrol-w,validation,data/train/images/tyrol-w5.tif,data/train/gt/tyrol-w5.tif,False,True,False
tyrol-w6,Tyrol-w,validation,data/train/images/tyrol-w6.tif,data/train/gt/tyrol-w6.tif,False,True,False
tyrol-w7,Tyrol-w,validation,data/train/images/tyrol-w7.tif,data/train/gt/tyrol-w7.tif,False,True,False
tyrol-w8,Tyrol-w,validation,data/train/images/tyrol-w8.tif,data/train/gt/tyrol-w8.tif,False,True,False
tyrol-w9,Tyrol-w,validation,data/train/images/tyrol-w9.tif,data/train/gt/tyrol-w9.tif,False,True,False
tyrol-w10,Tyrol-w,validation,data/train/images/tyrol-w10.tif,data/train/gt/tyrol-w10.tif,False,True,False
tyrol-w11,Tyrol-w,validation,data/train/images/tyrol-w11.tif,data/train/gt/tyrol-w11.tif,False,True,False
tyrol-w12,Tyrol-w,validation,data/train/images/tyrol-w12.tif,data/train/gt/tyrol-w12.tif,False,True,False
tyrol-w13,Tyrol-w,validation,data/train/images/tyrol-w13.tif,data/train/gt/tyrol-w13.tif,False,True,False
tyrol-w14,Tyrol-w,validation,data/train/images/tyrol-w14.tif,data/train/gt/tyrol-w14.tif,False,True,False
tyrol-w15,Tyrol-w,validation,data/train/images/tyrol-w15.tif,data/train/gt/tyrol-w15.tif,False,True,False
tyrol-w16,Tyrol-w,validation,data/train/images/tyrol-w16.tif,data/train/gt/tyrol-w16.tif,False,True,False
tyrol-w17,Tyrol-w,validation,data/train/images/tyrol-w17.tif,data/train/gt/tyrol-w17.tif,False,True,False
tyrol-w18,Tyrol-w,validation,data/train/images/tyrol-w18.tif,data/train/gt/tyrol-w18.tif,False,True,False
tyrol-w19,Tyrol-w,validation,data/train/images/tyrol-w19.tif,data/train/gt/tyrol-w19.tif,False,True,False
tyrol-w20,Tyrol-w,validation,data/train/images/tyrol-w20.tif,data/train/gt/tyrol-w20.tif,False,True,False
tyrol-w21,Tyrol-w,validation,data/train/images/tyrol-w21.tif,data/train/gt/tyrol-w21.tif,False,True,False
tyrol-w22,Tyrol-w,validation,data/train/images/tyrol-w22.tif,data/train/gt/tyrol-w22.tif,False,True,False
tyrol-w23,Tyrol-w,validation,data/train/images/tyrol-w23.tif,data/train/gt/tyrol-w23.tif,False,True,False
tyrol-w24,Tyrol-w,validation,data/train/images/tyrol-w24.tif,data/train/gt/tyrol-w24.tif,False,True,False
tyrol-w25,Tyrol-w,validation,data/train/images/tyrol-w25.tif,data/train/gt/tyrol-w25.tif,False,True,False
tyrol-w26,Tyrol-w,validation,data/train/images/tyrol-w26.tif,data/train/gt/tyrol-w26.tif,False,True,False
tyrol-w27,Tyrol-w,validation,data/train/images/tyrol-w27.tif,data/train/gt/tyrol-w27.tif,False,True,False
tyrol-w28,Tyrol-w,validation,data/train/images/tyrol-w28.tif,data/train/gt/tyrol-w28.tif,False,True,False
tyrol-w29,Tyrol-w,validation,data/train/images/tyrol-w29.tif,data/train/gt/tyrol-w29.tif,False,True,False
tyrol-w30,Tyrol-w,validation,data/train/images/tyrol-w30.tif,data/train/gt/tyrol-w30.tif,False,True,False
tyrol-w31,Tyrol-w,validation,data/train/images/tyrol-w31.tif,data/train/gt/tyrol-w31.tif,False,True,False
tyrol-w32,Tyrol-w,validation,data/train/images/tyrol-w32.tif,data/train/gt/tyrol-w32.tif,False,True,False
tyrol-w33,Tyrol-w,validation,data/train/images/tyrol-w33.tif,data/train/gt/tyrol-w33.tif,False,True,False
tyrol-w34,Tyrol-w,validation,data/train/images/tyrol-w34.tif,data/train/gt/tyrol-w34.tif,False,True,False
tyrol-w35,Tyrol-w,validation,data/train/images/tyrol-w35.tif,data/train/gt/tyrol-w35.tif,False,True,False
tyrol-w36,Tyrol-w,validation,data/train/images/tyrol-w36.tif,data/train/gt/tyrol-w36.tif,False,True,False
vienna1,Vienna,test_city,data/train/images/vienna1.tif,data/train/gt/vienna1.tif,True,False,False
vienna2,Vienna,test_city,data/train/images/vienna2.tif,data/train/gt/vienna2.tif,True,False,False
vienna3,Vienna,test_city,data/train/images/vienna3.tif,data/train/gt/vienna3.tif,True,False,False
vienna4,Vienna,test_city,data/train/images/vienna4.tif,data/train/gt/vienna4.tif,True,False,False
vienna5,Vienna,test_city,data/train/images/vienna5.tif,data/train/gt/vienna5.tif,True,False,False
vienna6,Vienna,test_city,data/train/images/vienna6.tif,data/train/gt/vienna6.tif,True,False,False
vienna7,Vienna,test_city,data/train/images/vienna7.tif,data/train/gt/vienna7.tif,True,False,False
vienna8,Vienna,test_city,data/train/images/vienna8.tif,data/train/gt/vienna8.tif,True,False,False
vienna9,Vienna,test_city,data/train/images/vienna9.tif,data/train/gt/vienna9.tif,True,False,False
vienna10,Vienna,test_city,data/train/images/vienna10.tif,data/train/gt/vienna10.tif,True,False,False
vienna11,Vienna,test_city,data/train/images/vienna11.tif,data/train/gt/vienna11.tif,True,False,False
vienna12,Vienna,test_city,data/train/images/vienna12.tif,data/train/gt/vienna12.tif,True,False,False
vienna13,Vienna,test_city,data/train/images/vienna13.tif,data/train/gt/vienna13.tif,True,False,False
vienna14,Vienna,test_city,data/train/images/vienna14.tif,data/train/gt/vienna14.tif,True,False,False
vienna15,Vienna,test_city,data/train/images/vienna15.tif,data/train/gt/vienna15.tif,True,False,False
vienna16,Vienna,test_city,data/train/images/vienna16.tif,data/train/gt/vienna16.tif,True,False,False
vienna17,Vienna,test_city,data/train/images/vienna17.tif,data/train/gt/vienna17.tif,True,False,False
vienna18,Vienna,test_city,data/train/images/vienna18.tif,data/train/gt/vienna18.tif,True,False,False
vienna19,Vienna,test_city,data/train/images/vienna19.tif,data/train/gt/vienna19.tif,True,False,False
vienna20,Vienna,test_city,data/train/images/vienna20.tif,data/train/gt/vienna20.tif,True,False,False
vienna21,Vienna,test_city,data/train/images/vienna21.tif,data/train/gt/vienna21.tif,True,False,False
vienna22,Vienna,test_city,data/train/images/vienna22.tif,data/train/gt/vienna22.tif,True,False,False
vienna23,Vienna,test_city,data/train/images/vienna23.tif,data/train/gt/vienna23.tif,True,False,False
vienna24,Vienna,test_city,data/train/images/vienna24.tif,data/train/gt/vienna24.tif,True,False,False
vienna25,Vienna,test_city,data/train/images/vienna25.tif,data/train/gt/vienna25.tif,True,False,False
vienna26,Vienna,test_city,data/train/images/vienna26.tif,data/train/gt/vienna26.tif,True,False,False
vienna27,Vienna,test_city,data/train/images/vienna27.tif,data/train/gt/vienna27.tif,True,False,False
vienna28,Vienna,test_city,data/train/images/vienna28.tif,data/train/gt/vienna28.tif,True,False,False
vienna29,Vienna,test_city,data/train/images/vienna29.tif,data/train/gt/vienna29.tif,True,False,False
vienna30,Vienna,test_city,data/train/images/vienna30.tif,data/train/gt/vienna30.tif,True,False,False
vienna31,Vienna,test_city,data/train/images/vienna31.tif,data/train/gt/vienna31.tif,True,False,False
vienna32,Vienna,test_city,data/train/images/vienna32.tif,data/train/gt/vienna32.tif,True,False,False
vienna33,Vienna,test_city,data/train/images/vienna33.tif,data/train/gt/vienna33.tif,True,False,False
vienna34,Vienna,test_city,data/train/images/vienna34.tif,data/train/gt/vienna34.tif,True,False,False
vienna35,Vienna,test_city,data/train/images/vienna35.tif,data/train/gt/vienna35.tif,True,False,False
vienna36,Vienna,test_city,data/train/images/vienna36.tif,data/train/gt/vienna36.tif,True,False,False
