patch_id,city,failure_type,IoU,Dice,Precision,Recall,Building_Coverage_Pct
vienna18_r2_c8,Vienna,false_positives,8.449514152929066e-13,8.449514152929066e-13,8.449514152929066e-13,1.0,0.0
vienna22_r8_c8,Vienna,missed_buildings,1.6343608014878659e-12,1.6343608014878659e-12,3.347840642673323e-11,1.718242581484702e-12,22.201157
vienna18_r2_c7,Vienna,false_positives,5.0102710556390086e-12,5.0102710556390086e-12,5.036514731780224e-12,9.615384606139053e-10,0.03967285
vienna18_r3_c7,Vienna,false_positives,5.7382222986989255e-12,5.7382222986989255e-12,5.749108888089288e-12,3.0303030211202937e-09,0.012588501
vienna6_r6_c3,Vienna,false_positives,1.0773540185188821e-11,1.0773540185188821e-11,1.169864295728008e-11,1.362397819977875e-10,0.27999878
vienna18_r1_c8,Vienna,false_positives,1.078515962024606e-11,1.078515962024606e-11,1.1771630370667784e-11,1.2870012868356497e-10,0.29640198
vienna35_r7_c6,Vienna,false_positives,1.0873110796880795e-11,1.0873110796880795e-11,1.0873110796880795e-11,1.0,0.0
vienna18_r5_c7,Vienna,false_positives,1.1522064753871157e-11,1.1522064753871157e-11,1.3426423200679022e-11,8.123476847431073e-11,0.46958923
vienna5_r7_c3,Vienna,missed_buildings,1.2083131947654866e-11,1.2083131947654866e-11,1.0,1.2083131947654866e-11,3.1570435
vienna6_r4_c0,Vienna,false_positives,1.278118609390617e-11,1.278118609390617e-11,1.2790995139258237e-11,1.6666666388888892e-08,0.0022888184
